{
  "db.js": 1775762479.7254243,
  "suggestions.js": 1775762479.7294242,
  "ui.js": 1776026880.3840342,
  "actions.js": 1776026880.378101,
  "utils.js": 1776026880.3840342,
  "state.js": 1776026880.381725,
  "server.js": 1775762479.7294242,
  "photos.js": 1776026880.381725,
  "main.js": 1776026880.381725,
  "analysis.js": 1776026880.378101,
  "SPRINTS.md": 1776026880.378101,
  "CLAUDE.md": 1776026880.378101,
  "CHANGELOG.md": 1776026880.378101,
  "tasks/todo.md": 1776026880.3840342,
  "tasks/lessons.md": 1776026880.381725,
  "docs/architecture.md": 1776026880.378101,
  "docs/recommendations.md": 1776026880.381725
}